name,ade1s,ade2s,ade3s,avgade
1,0.9014154892690556,2.7238861895495114,3.2421230943830937,2.2891415910672204
2,1.724194687006489,4.098373399957898,5.183213202114745,3.668593763026377
3,0.4765228873031475,0.8422086452941455,1.027217250828484,0.7819829278085924
4,0.6547788155919705,4.5558910367678305,4.743860567483007,3.3181768066142694
5,1.0496245009226919,2.166529763566078,2.541281318812359,1.9191451944337097
6,1.914539808704551,2.3199842436273213,3.1603274994547728,2.4649505172622153
7,2.0524234290728325,2.898004980446303,4.333867328169653,3.0947652458962627
8,1.7240347855218503,2.391236452927929,3.0608908151345373,2.392054017861439
9,0.9224108605895232,4.139812759717739,3.573670436052231,2.878631352119831
10,1.053256945686787,4.867754233149352,4.69306010945374,3.538023762763293
11,1.2916324375992765,3.355634110769079,4.012683543326831,2.8866500305650624
12,0.7733032277585699,5.026373436679287,5.216672095725782,3.672116253387879
13,0.7106484733091224,3.786977733700502,4.031815709749631,2.8431473055864185
14,2.072437478692326,4.377049992191537,5.942283042746118,4.130590171209994
15,1.2778025255091678,1.9379577152673648,2.324634369962998,1.8467982035798436
16,1.7946321847067668,4.619189738691132,5.555900506346573,3.989907476581491
17,1.843204734630265,2.389683114352068,2.873989783051208,2.368959210677847
18,1.0756742396975603,2.311077933953535,3.047443196783935,2.14473179014501
19,0.9880911208502287,1.9036652629006283,2.456994161555046,1.7829168484353008
20,1.4231975714271403,2.943124445309099,4.1417228208378,2.8360149458580133
21,0.6063432831807639,1.046341692639064,1.3651943512695452,1.0059597756964578
22,1.8010595885106206,4.278426576029387,4.9115383670781165,3.6636748438727076
23,1.3315015867784297,5.033898893424455,5.5519728198383955,3.9724577666804266
24,2.0252708868597162,2.9164449850944427,4.451013977617727,3.1309099498572954
25,0.48294680725230543,0.8933050689585592,1.3211081507358728,0.8991200089822459
26,0.9252642827926211,3.2476324738279096,3.4728806668618524,2.5485924744941273
27,2.1462712126892844,5.326059163238781,6.856995880594222,4.776442085507429
28,1.6114678261392268,2.954276077396634,4.067827684927973,2.8778571961546113
29,2.9710463206947772e-05,4.4825955009007224e-05,5.732163418593889e-05,4.395268413396463e-05
30,1.2265505450751364,2.839478532563148,3.1383614655891106,2.401463514409132
31,1.831870624215305,4.520646695762907,6.288463930050244,4.213660416676152
32,1.6113007708018234,3.6698270779112514,4.9346978448759575,3.405275231196344
33,1.279647829952959,3.8172933925517696,3.3859257277802883,2.8276223167616723
34,1.5319004489902082,3.638700435986037,4.201240210153446,3.1239470317098976
35,1.7168115601738005,3.868367449230965,4.214653430874209,3.266610813426325
36,0.8881551452713239,4.160841700418506,3.5043985589402786,2.8511318015433695
38,1.1114447917373629,4.8525747286920415,5.529101475012629,3.831040331814011
39,1.3481359938938897,4.96248201088427,4.731744589270822,3.6807875313496603
41,2.103421807951695,4.4789066484102555,6.022019843741708,4.201449433367887
42,1.1422470300283256,4.710459987645008,4.25792000619092,3.370209007954751
43,2.4101933612293043,2.1672392011143518,3.6098884180194077,2.7291069934543546
44,3.0805533961868146,5.187499080692433,6.976980613991311,5.081677696956853
45,2.211402888628614,2.9649671049776654,3.9597480532875493,3.045372682297943
46,2.134158003563562,2.0301179504031275,3.3974036262389915,2.5205598600685604
47,1.4456862407481565,4.15488552135916,3.91298186648359,3.171184542863635
48,2.5237287198598173,4.214246172251801,5.942234145980419,4.2267363460306795
49,3.2850463395506337,4.389017056023992,6.096572916115974,4.590212103896866
50,2.3294080228124643,3.9940614035773763,5.260596171735676,3.861355199375172
51,3.581352668759243,3.8962459432056495,5.609918925386682,4.362505845783859
52,2.169700738545731,5.15882825126716,6.441918486059846,4.5901491586242456
53,0.7692988334687874,5.351258355635962,5.662663572330198,3.927740253811649
54,0.8609569393478784,4.510874313817899,5.124898094261825,3.498909782475868
55,1.2598801426456325,5.106173375686237,5.355678638993687,3.9072440524418517
56,2.322077879448189,3.846108578004112,5.087443185618937,3.751876547690413
57,1.0028535372606733,5.0841497011726595,5.065430882899732,3.7174780404443553
58,3.1122499652746485,3.932287537679231,6.029976131569586,4.358171211507822
59,3.4985021961068603,3.4985501378145343,5.830864003840309,4.275972112587234
60,1.2143704928440703e-06,1.4888658076709899e-06,1.6116694381723992e-06,1.4383019128958197e-06
61,2.0352392219424793,1.733535610080341,2.734263288588918,2.1676793735372457
62,0.9298085548363961,3.4406947884921695,3.1160166486821845,2.4955066640035835
63,2.483310893139235,2.8120912317506037,4.055708066442746,3.1170367304441946
64,0.9503073841759992,2.830847508430342,2.708458164654739,2.1632043524203604
65,1.6195072312133818,5.276373386152548,6.3127235988928065,4.402868072086245
66,0.8451286388454424,1.1848867591556538,1.7857612407139243,1.27192554623834
67,2.2479589597696172,3.6381629648089584,5.045508643856314,3.6438768561449635
68,2.660852290908038,2.3576111458465228,3.7396087829370894,2.919357406563883
69,1.6867951171964397,5.379257751247683,6.505676054128671,4.523909640857598
70,1.5489123984798998,3.505406483101992,4.183984120655519,3.0794343340791372
71,1.403144005193789,2.1660698391422253,2.671939383406484,2.080384409247499
72,0.39994910196963257,0.4293947724326119,0.7162236063396646,0.515189160247303
73,3.3448662008254444,3.2053215811474915,5.013945256402528,3.854711012791821
74,1.533591912446369,3.4140797420304403,4.872568655102957,3.273413436526589
75,0.8685464303957933,4.206833581656471,3.99384521555818,3.023075075870148
76,1.2324154354193637,2.4093828661743757,2.817065843029236,2.152954714874325
92,0.6812417640002931,3.0740453940262813,2.5822137254274375,2.1125002944846707
93,1.0181586659256143,5.407823714514026,6.293084962771554,4.239689114403731
94,1.5124837565068543,2.323418568694646,2.4078748521532702,2.0812590591182567
95,8.975463143341818e-07,1.0711796066044992e-06,1.1758117996657067e-06,1.0481792402014624e-06
96,1.4181090813690833,5.5339121824871995,6.0941448452639335,4.348722036373405
97,1.6815639201231671,3.260589721465921,4.764920366023457,3.2356913358708486
98,1.1083924981253739,4.351582454876582,3.7403018071354817,3.0667589200458125
99,2.324239177242614,4.596733945422024,5.916859143570754,4.279277422078464
99,2.2795769699747037,4.856350465794719,6.384484166394917,4.506803867388114
100,289710.9306208135,229685.30562429098,211556.33959864607,243650.8586145835
101,2.265492474806736,5.114066829975211,6.88027877168493,4.753279358822293
102,1.8668717724883415,5.660779541773404,7.137503697381137,4.888385003880961
103,3.4108169176956067,4.258241567670402,6.2804149132665845,4.649824466210864
104,2.042812654295497,5.75458449867238,6.852357994627587,4.883251715865154
105,2.141402019395098,2.7178837222228416,3.262402152390897,2.7072292980029453
106,0.6090130206746938,3.170277715947298,3.0564482816384477,2.2785796727534797
107,1.031373390462408,4.193809267972021,4.308245401591775,3.177809353342068
108,219.47374196142684,168.49907063721722,184.0788138218029,190.68387547348232
109,1.2967028318560678,2.885559812610178,3.6271397892318715,2.603134144566039
110,0.7997754542032087,4.29938383462347,3.7564265399495467,2.951861942925408
120,1.406319183105787,2.6418573481270453,3.4570102159856533,2.5017289157394953
121,1.2078086679174584,4.618985190781522,4.455230251279447,3.4273413699928086
122,3.0785991152752534,3.018002715587965,4.8917967861061085,3.6627995389897756
123,1.694839358391636,4.384672064164944,5.357326176735545,3.812279199764042
124,1.9639645860345496,4.621632828835041,4.563041254329664,3.7162128897330846
125,2.2926903348547416,3.3796171112134497,3.7767522798385222,3.1496865753022383
126,2.0187652728301986,4.680112493565927,6.135353277996321,4.278077014797482
127,1.7174126381645696,4.252917230523308,5.3249427559106595,3.765090874866179
128,2.193687488107784,3.4557485714103082,4.27882104267503,3.309419034064374
129,2.140014974003988,2.9336650888938385,4.10858645066747,3.0607555045217656
130,1.75658738454413,3.543620804409732,4.94545813434471,3.4152221077661906
131,1.899356296322686,3.649462062453324,4.882784470712212,3.477200943162741
132,1.691723744484549,2.2327903171708305,3.2793448504650877,2.401286304040156
133,1.3563069467572724,3.52407839929824,4.329331812894965,3.06990571965016
134,2.023320701077358,3.619846289369142,5.328718282438682,3.657295090961727
135,1.2868768551886143,2.791657129831819,2.9143583386153145,2.3309641078785828
138,3.0312112352944864,3.604748395283707,5.179907601734437,3.938622410770877
139,1.4611759295047266,2.257266484666773,2.0373536121525495,1.9185986754413495
149,2.047668262376568,5.964002641872751,7.250406243331945,5.087359049193755
150,2.4433774394950767,2.298844412306595,3.1535008279242684,2.631907559908647
151,2.311333125809642,4.819703123200793,6.495708083227747,4.542248110746061
152,0.6403045679211862,4.104288109645884,3.939005644394067,2.8945327739870454
154,1.4243516733909407,3.0474674062624576,3.7330095628760147,2.7349428808431377
155,2.169730879999351,4.090733474097298,5.218360873401344,3.826275075832664
157,6.976884898353151,7.761166241251452,10.681210984204226,8.473087374602942
158,1.3157877529065736,2.3012979387631205,3.1382426347685635,2.2517761088127526
159,1.4200150639015423,2.8759934000741296,4.080279538799364,2.792096000925012
160,0.21576073421576222,0.21527067817567147,0.3577495923397873,0.26292700157707366
161,0.448458843842965,0.7513206700662379,1.0166232939746023,0.7388009359612684
162,1.289993982674808,1.8491700447387813,3.3541785982719476,2.164447541895179
163,1.218927587379488,3.473115323819768,4.032357345886872,2.9081334190287094
164,1.7125878687349492,4.574466054891899,6.170785621233867,4.1526131816202385
165,3.2072925150195304,3.8179679743099664,5.26180564612334,4.095688711817612
166,1.453537460445714,3.018910304084875,3.0724512800566317,2.51496634819574
167,1.1481415224210663,3.9457566756760407,3.7893879594966386,2.961095385864582
168,0.9617151507015356,3.1527032095765253,2.844915779063646,2.3197780464472353
170,0.7421352580659103,2.264161440563197,2.779425551742176,1.9285740834570946
171,1.8307063619412067,4.030166722008042,4.675592676083531,3.5121552533442597
172,3.452434709581719,4.703704619292958,7.099847732294714,5.085329020389797
173,1.5167968648515016,3.318344359798266,4.091755132527121,2.9756321190589627
174,1.5343114788319066,4.919923719587724,5.85182456467758,4.1020199210324035
175,2.2618840080078035,2.143400938079467,3.5153221824984184,2.6402023761952296
176,1.8437920642844907,1.6324854367933208,2.709243325549989,2.0618402755426004
177,1.3617885202428137,1.4866190046103374,2.478276496544318,1.775561340465823
178,1.2386323938567132,3.0180758214309376,3.554689523904781,2.603799246397477
179,1.3105850861024826,2.4092837060979653,3.3814650495896204,2.3671112805966894
180,1.2639163136393985,3.140987713492778,4.2188844295158585,2.874596152216012
181,1.454666618921227,3.409090000334772,4.535365119024737,3.1330405794269125
182,1.8154406157734684,4.037936091806675,4.87981810945509,3.577731605678411
183,1.4135886361447247,3.189613465814925,3.759239888801089,2.7874806635869125
184,2.802117808121577,4.040105396753391,5.573020464901157,4.138414556592042
185,0.7605156786357474,0.8204152888647066,1.328005231290901,0.9696453995971183
187,0.7829337474769776,1.401490341552018,1.5807054402464635,1.255043176425153
188,0.7384800218818589,3.159413507064192,3.8371459714643574,2.578346500136803
190,1.707064602098572,1.8935645776136674,2.6189967761052335,2.0732086519391575
191,1.689928943259184,3.8152737066115576,5.4187685709104585,3.6413237402604004
192,0.8879024583224199,1.3256146587339817,3.118487622313632,1.7773349131233445
193,0.8114929004194089,1.4945460978175282,1.8774329046149252,1.3944906342839543
194,1.7071697613732773,3.2222326357165136,4.223360131557499,3.05092084288243
195,2.4909274859318615,5.591444679794663,7.373373416314678,5.151915194013735
196,0.6646384110756242,4.319621168854639,4.676716451374966,3.2203253437684096
199,1.5970008276428747,5.810454393816813,6.584563382547057,4.664006201335582
200,1.670050376313064,2.2166605248954596,2.8318778977382424,2.239529599648922
202,1.0005066489356356,1.4247701034045173,1.8697950641620842,1.431690605500746
203,1.786671614055581,2.2022143720193146,3.698142599716848,2.5623428619305813
204,0.6823202590832327,3.784050260670224,3.5769308641731627,2.681100461308873
206,2.7918678545382627,2.355573938607584,3.777269184804549,2.9749036593167983
207,1.7701835303599194,1.885322907865136,2.711604684047836,2.122370374090964
208,485.6870473547753,416.4374973362631,596.7738330053844,499.6327925654743
209,1.1392785028510655,5.27684091574895,5.622449515370863,4.012856311323627
210,2.184479377595305,3.1737610817027773,4.439896205918794,3.266045555072292
211,1.2937955945657302,2.302814718247017,3.3622351448244547,2.319615152545734
212,3.844093911546372,4.849412727006034,7.266436976317263,5.319981204956556
213,1.58287467770989,3.4170305216565717,4.114045221813302,3.037983473726588
214,1.657012725702815,3.4622540269701583,4.322407110688077,3.14722462112035
218,2.125099978482036e-06,2.214527054688542e-06,2.277491282109655e-06,2.2057061050934107e-06
219,0.1504930244384661,0.16801981603184393,0.27655803531250195,0.1983569585942707
220,2.370893895896077,3.1156520166671764,4.406554242410485,3.2977000516579125
221,1.8101460785390837,2.7967168002993907,3.99275286991834,2.8665385829189383
222,0.9800323075879744,4.382728759221937,4.672038459276261,3.344933175362057
224,0.7471721556564269,0.7182288393432683,1.1877357986923869,0.8843789312306941
225,0.18832995203848615,0.446415153018142,0.8061781283635441,0.48030774447339075
226,0.0007322135581566866,0.001110140967002547,0.0014216825849167401,0.0010880123700253246
227,1.694317611346306,1.5731375069598377,2.587093173493121,1.9515160972664216
228,1.5241696809191465,2.263002968151255,2.5732213786680243,2.120131342579475
229,0.7878399812077348,4.127920042840081,3.904180493215904,2.93998017242124
230,1.1339241937421727,1.903476223031124,2.3394906927227614,1.792297036498686
231,0.49496438923889147,0.5239495241363842,0.8506144975156621,0.6231761369636458
232,2.8325032519553875e-06,3.849694760164765e-06,4.690965127397565e-06,3.791054379839239e-06
233,1.6661609293902404,1.6653331226164518,2.7678919449148545,2.0331286656405156
234,1.2670123818136285,2.866730031015049,3.7172376009183403,2.6169933379156727
235,1.0952093482025984,1.9707601223899525,2.577885576180485,1.881285015591012
236,1.301078235604109,4.031378604767235,4.698841898723204,3.3437662463648494
237,0.8661821455776207,1.2081905348591748,1.6089116910006505,1.2277614571458153
238,1.3821160368081147,2.1274316273296154,2.7767040315203673,2.0954172318860325
239,2.618314481637372e-06,3.6794731949294523e-06,4.44479515914231e-06,3.5808609452363785e-06
240,0.2576623871850396,0.5096768458976065,0.8225873913684241,0.5299755414836901
241,0.8381032218493896,1.9936301529711795,2.53379185346713,1.7885084094292332
242,2.7841905602900968e-05,3.5508129222673726e-05,3.7735554429252715e-05,3.3695196418275804e-05
243,1.181102231494987,1.1366247328598784,1.8716431946138272,1.396456719656231
244,0.8199093477413918,0.8408006010999427,1.2926360761761315,0.984448675005822
245,0.8806429627094421,4.445800143362543,3.827686246518612,3.0513764508635326
246,2.3230872967113103,2.7729157980178627,4.038951471829243,3.044984855519472
247,0.939257229727856,3.2185180610076327,2.8510394186654433,2.3362715698003105
248,0.040685693038300066,0.03815011871073225,0.05193064426911788,0.043588818672716724
249,2.4007994400569483,4.201918878004808,5.458679350209978,4.020465889423911
250,2.0889562670132857,5.2076619337866905,6.561381503032218,4.619333234610731
251,1.323342206780849,1.7052267341570855,2.095835323787644,1.7081347549085262
252,1.6335007679845606,1.665424227434557,2.500729171731406,1.933218055716841
253,2.097982977519261,2.406623251218769,3.630655622138556,2.7117539502921955
254,0.988955932779002,3.7146364542018446,3.70378961298413,2.8024606666549925
255,1.7118397074375498,3.851343724745351,5.371210237121711,3.644797889768204
256,2.1385614459474116,1.7868633703528634,3.0775903820947135,2.3343383994649964
257,0.08195049661201873,0.06951129891537537,0.08523733473806086,0.07889971008848498
258,1.8622110772082159,4.628840189651096,4.727340992784505,3.739464086547939
259,1.5100705041788058,2.943373447766243,3.884827382473631,2.77942377813956
260,9.395340826774514e-07,1.0223946915335694e-06,1.101551967597221e-06,1.0211602472694138e-06
262,1.439737668779735,2.950710078393082,4.316765443620299,2.9024043969310385
263,2.1244440618959954,4.892087595359656,6.10351251217502,4.37334805647689
264,1.6922794321037642,5.36082089289001,5.420807251635159,4.157969192209644
268,2.7726586778652633,2.431952173904861,3.9531495257470546,3.052586792505726
269,1.0874275137118177,5.057923945417825,5.419077875317937,3.854809778149193
270,1.701990126268074,1.5606553845287758,2.6186824326086136,1.9604426478018213
271,2.0596889673424688,3.3167047286625757,4.502976911959998,3.293123535988347
272,1.8258857112749025,3.917899616140086,5.191119554149562,3.64496829385485
273,2.0546684974049323,4.766917381698197,6.011813326491429,4.277799735198186
274,0.8309383518912459,2.8833191566843746,2.8470256184160445,2.187094375663888
275,1.6230865844845428,1.5798514806418715,2.496044270251504,1.899660778459306
276,2.8296149943814273,5.779753748594573,7.16645833202803,5.258609025001344
277,1.6577555385201403,3.6457906725855636,3.863746222047223,3.055764144384309
278,2.156905925663657,4.283375896625989,5.684699237565546,4.041660353285064
283,1.1029602796759845,2.794840179105345,3.607475571020381,2.5017586766005704
284,1.5961110792722637,4.406196887983396,5.16782705545374,3.723378340903133
285,0.4900231721880208,2.9644550198630055,2.8407307229996803,2.098402971683569
286,2.095762091395883,5.012389344472412,5.96949487373782,4.359215436535372
287,0.7221941514687635,4.857129112471909,4.479177036928807,3.3528334336231596
288,0.27314810439192894,0.25565018438668763,0.37215880426144415,0.3003190310133536
289,1.1574804640614111,3.781680251982401,3.4376919800336467,2.7922842320258194
290,2.5193189880081768,6.863400707208174,8.334064508865604,5.9055947346939845
291,1.6740160574249878,3.0683314592608655,2.787922099162003,2.5100898719492855
292,2.542051653587842,5.461112849234554,7.108713292112408,5.037292598311601
293,1.2644746459630751,2.8259228362115136,2.684955857321873,2.258451113165487
294,3.281450656307874,3.2106004233878607,5.07572626840124,3.8559257826989914
295,2.0121770727448736,1.9059825796295708,2.7665325212297813,2.228230724534742
296,0.21124136351227793,0.4561638681908315,0.7564535386785851,0.4746195901272315
297,0.542292951661025,1.0326827274535886,1.6816089796907074,1.0855282196017737
298,1.7576764225818746,2.933185604533096,4.366740109082707,3.0192007120658926
299,1.4014355987902865,2.4765102898929388,2.430762924130577,2.102902937604601
300,1.5119661792703463,3.908220634715029,3.9628402462850225,3.127675686756799
301,0.5498262457909888,0.5187496073446712,0.7568652069712629,0.6084803533689743
302,1.2471528030360015,4.055250941195373,3.9312253589500172,3.077876367727131
303,1.5335174148667947,1.5100187981157456,1.950796493214011,1.664777568732184
304,1.0628482968254176,4.754727318463077,5.083477225095149,3.633684280127881
305,2.3682814530661074,2.737819686043065,3.993128482663355,3.0330765405908426
306,1.068881992405649,3.6477388920424807,3.71550511553462,2.8107086666609167
315,2.004704995777975,3.961997524622963,4.89838818754362,3.621696902648186
316,1.0553085171842238,5.045056984922592,5.3770164650403585,3.825793989049058
317,1.2663645330326379,2.97545491524795,3.334418145965916,2.525412531415501
318,1.544080172520405,2.424789243741335,2.887470525922666,2.285446647394802
321,2.798521107063821,5.796392204587818,7.944681539276064,5.513198283642567
323,252632.77643252807,197600.8528352159,238397.9097869608,229543.84635156827
324,2.5721226513535727,2.3487942755791162,3.7258162769762997,2.882244401302996
328,1.242949675459051,3.2948261919542747,3.9662181207379623,2.834664662717096
329,1.5802826550688502,2.817695356149061,3.783842159725445,2.7272733903144517
330,2.2112252124104885,2.925358542171523,4.375245057567698,3.1706096040499028
331,1.478456446497759,2.76915306394243,3.9638365089505245,2.7371486731302377
332,2.665314924010681,5.424879745922529,7.524176451186108,5.204790373706439
344,1.2470485022342157e-06,1.7178141616197006e-06,2.167648847333601e-06,1.7108371703958392e-06
345,2.278685435750118,5.1395591461435215,6.936404439578885,4.784883007157508
346,1.4953806693018716,2.649730068160091,3.8132354840976617,2.652782073853208
347,2.019556939339969,3.971727123883581,4.931824503732516,3.6410361889853555
348,2.65639970969187,5.682251695739267,7.126860558922838,5.1551706547846585
349,4.810440264258136,6.6379630745866205,9.870534983981461,7.1063127742754055
350,1.2815967050375972,2.8868569807041586,2.447445965303147,2.205299883681634
351,1.8209484782211576,3.4431855000786804,4.171186763988684,3.1451069140961736
352,1.8236413604855772,6.510770063781052,7.487457881157006,5.273956435141212
353,1.9675749391419648,3.6297319789376057,4.144817975686157,3.2473749645885754
354,2.695837363211909,6.279371677958688,7.198592121229299,5.391267054133299
355,0.18633096392063928,0.41509807598369064,0.7492387034491683,0.4502225811178328
356,0.8513718280509434,0.8157299173408127,1.3248619462175117,0.9973212305364226
357,2.2476472157497476e-05,3.250187756455291e-05,4.1131332574515205e-05,3.2036560765521864e-05
358,8.537067573227051e-06,9.564526754825233e-06,9.972041541157347e-06,9.357878623069876e-06
359,2.7209901223753357,3.067085386095468,3.6806384997823307,3.1562380027510453
360,1.370974071300681,2.648770309340269,3.433297737080596,2.4843473725738487
361,1.7710786228430955,2.698087680966031,3.9544056544837405,2.807857319430956
362,0.9177117231492822,1.9295374139112156,1.9379029785289883,1.5950507051964955
363,1.5455595724574938,4.17662925689856,5.548800405716282,3.7569964116907784
364,1.061216693094512,3.1731073116835873,3.2759485967555846,2.503424200511228
365,1.0049529583943888,3.378859993868698,3.046854609649162,2.476889187304083
366,0.8325836271838154,1.5155883355656776,2.0617863207861085,1.4699860945118672
367,1.2445250359495794,3.3778094083493997,3.5086916221599393,2.710342022152973
368,1.5462298251322477,1.5119186194236611,2.4295428638431935,1.8292304361330338
369,1.6290979674043153,2.8503062913652206,4.175624862831535,2.885009707200357
370,1.0488604698657504,4.279723217804808,3.539200161982285,2.955927949884281
371,2.409542520195666,2.637420879829177,3.6741449375812487,2.907036112535364
372,2.1610274941359573,4.260582657486706,5.569108380950886,3.9969061775245165
373,1.3533552830945008,1.570518674009951,2.374060265800872,1.7659780743017748
374,0.026484976805465382,0.022158199732287127,0.03150992540137833,0.026717700646376946
375,1.2295211104931598,3.325316879103293,4.05115521491628,2.868664401504244
376,1.257322483557736,2.8057878146671946,2.8009713514406056,2.2880272165551787
377,0.6122146601082488,3.8587377361584787,3.8761107517032727,2.782354382656667
378,0.6032915264415307,4.951145299525223,4.781555643051812,3.4453308230061883
379,1.7879626699373712,5.06451229389018,5.959602912207499,4.270692625345017
380,0.9316840158993223,0.9101022958550063,1.3717414941109267,1.0711759352884185
381,1.9018480786247267,3.3581287360909355,3.7355911801003017,2.9985226649386547
382,1.0837981870247877,2.462135209919935,2.9813041243878113,2.175745840444178
383,1.5724933437130755,3.318773315632486,4.552228539419142,3.1478317329215675
384,2.3376846725548326,3.901638438854814,5.77506521793832,4.004796109782656
385,1.22284782780587,4.693723612660536,5.371850246608213,3.762807229024873
386,2.2704256320878136,3.006234622381811,4.560101057166486,3.2789204372120366
388,1.7083329089502173,2.641075990109389,3.66243869701479,2.670615865358132
389,0.9395485419228413,4.645869421694501,4.139013417247311,3.241477126954884
390,0.5003450543348471,4.802753766865505,4.775854730513328,3.3596511839045604
391,1.021813983351606,3.8115613535563804,3.2391226399599224,2.6908326589559692
392,0.9941503856008287,3.0375273315897053,3.0105518251320986,2.3474098474408773
393,1.6282173205251258,5.553089517569651,6.802820095334399,4.661375644476392
394,1.2872691515210763,3.1483134004248763,3.204404492213476,2.5466623480531427
395,1.3227008412808843,3.9086996163342,4.577725114137392,3.269708523917492
396,1.1569020239730086,3.026032609842681,2.657908838808714,2.280281157541468
397,0.49541944824061257,0.9349669300840538,1.3185144697718816,0.9163002826988493
398,1.8735210390834516,3.5267062061522076,4.639555646237559,3.34659429715774
399,0.36088512349916313,0.3857164738268193,0.6245922713727732,0.45706462289958516
400,1.5000473687800457,1.5000600752589912,2.500060881776844,1.8333894419386272
401,2.058021889947812,6.2265575896159175,7.5954369454356225,5.293338808333117
402,0.8160661494995576,5.320207196247301,4.806973002528362,3.647748782758407
403,0.755591022328261,5.6240209396714045,5.174237609343123,3.851283190447596
405,2.526606675453794,3.501257762485217,4.855210552957655,3.627691663632222
406,1.3942001563989364,3.4723859455140804,3.8927109872408145,2.9197656963846104
407,1.213034144756636,2.8350929111878225,2.7047071614586695,2.250944739134376
408,2.739710175032718,4.103275943139987,5.829653737570522,4.2242132852477425
410,0.7644201452705124,3.9673556538740025,4.019622575393571,2.9171327915126954
411,1.576024956091113,2.674080065207898,2.714189171197706,2.321431397498906
412,1.3949522591671608,4.338701582828188,4.832617211159824,3.5220903510517245
413,1.5204033076652874,5.795265770136408,6.329659733500093,4.548442937100596
414,0.6665514957095754,3.642437709114373,4.173254313717854,2.827414506180601
415,1.5161441290609567,3.7447115046677153,4.3499577085241485,3.2036044474176073
416,1.101056566950878,2.981942719006651,3.2624292127663432,2.448476166241291
417,1.0694227898392887,3.253711227713295,3.651934909687482,2.658356309080022
418,1.3505013488544446,2.3891665195597778,2.1156083292855885,1.9517587325666035
419,1.4420484547812105,4.1724319505520695,5.003197302937976,3.539225902757085
420,1.3694896688703018,2.951298734140812,4.072128237505313,2.7976388801721424
421,1.4332518562587195,3.5821190440634587,4.505082998256972,3.173484632859717
422,1.55465027465887,2.4567728494983623,3.095020593875314,2.3688145726775156
423,2.1577195051112255,4.412281352440434,6.241600458224396,4.2705337719253516
424,2.0029142386031973,5.576218403818378,6.7471147610364355,4.77541580115267
425,1.2493053290859097,2.189807386478922,2.833115437552513,2.0907427177057816
426,1.046851914888931,3.510003636349878,4.100562248816246,2.885805933351685
427,1.02262124647943,1.384988972849714,1.8080865868944536,1.405232268741199
428,1.2200340812613544,3.787250762483184,4.59761197568397,3.201632273142836
429,1.2484879981635912,3.1182994808214866,3.37737657999629,2.581388019660456
430,0.7814001564455304,4.78955021181304,4.720292441654941,3.43041426997117
431,2.1511584748148103,2.652522139901959,3.3673279103730893,2.7236695083632867
432,1.21649134198058,2.4381178878480196,2.95812036415809,2.204243197995563
433,0.7111111372846088,4.540055608466652,4.774211014464298,3.3417925867385194
434,1.2220883082396585,3.078908358476401,3.436432189404193,2.5791429520400846
435,2.0033649040086288,3.305580627174977,4.818995361946881,3.375980297710162
436,0.9789587855065578,2.630131462110554,3.3388527284060117,2.3159809920077077
438,1.4674399644485956,5.04880000647561,4.862665173079041,3.7929683813344153
439,0.9271501792023664,4.101934349571886,3.6580902296456608,2.895724919473304
440,0.6388906569889072,3.1991782034435645,3.105983809080575,2.3146842231710156
441,1.6911890414594595,4.586934975090935,5.61283126191594,3.9636517594887786
442,0.3820529051391614,3.0420769168269035,3.0504378055752617,2.158189209180442
443,1.3136967995589452,1.4220356733549882,2.1489303850575987,1.6282209526571776
444,0.6419647112687253,3.5656118632815,3.6613517786519187,2.6229761177340483
445,0.5905109997142575,3.974178565462767,4.063990616506151,2.8762267272277255
446,1.5098107939648469,2.8849477662197995,3.753148093134319,2.7159688844396555
447,2.8893941539464256,3.612653718549429,5.49930471252001,4.000450861671955
448,0.5621402742405973,2.827843291786396,2.6415969277653,2.0105268312640976
449,1.3307585729261735,1.6175648180555098,1.7619828724872728,1.5701020878229854
450,0.7598919545661345,2.959432247471259,3.0780654096197066,2.265796537219033
451,1.1161685071128438,5.705685016940807,6.134963254125459,4.318938926059704
452,2.0658412277951927,2.06548889809337,2.7688238775318115,2.300051334473458
453,1.0530671494621804,1.2061091089050362,1.8303778323374145,1.3631846969015438
454,1.6535020309429633,5.030187971907826,5.915354702012258,4.199681568287683
455,1.3201734983510607,4.791398681609792,4.939949814572649,3.683840664844501
456,0.8756878504671232,2.8973367341195253,2.941427120942937,2.238150568509862
457,1.856071650701344,2.7723171369271182,3.893206357785382,2.840531715137948
458,1.0958295042477093,4.286436698917701,4.945495062045811,3.442587088403741
459,1.0285911450861953,2.9061107337744057,2.6085351479759953,2.1810790089455323
461,1.304246343135135,2.9021624774715384,3.434827390616853,2.547078737074509
462,0.9297216841899258,4.793309966053696,5.052179414467169,3.591737021570264
463,1.4205017054355087,1.3039775398367548,2.157544384819621,1.6273412100306281
464,2.561534989988562e-06,3.879424954847542e-06,4.971541068791838e-06,3.8041670045426475e-06
465,1.2037430312545656,4.171794764763499,4.427412192244069,3.267649996087378
467,0.00018678821075393008,0.00028333292049058443,0.0003619935950202836,0.00027737157542159936
468,1.1573608171349838e-06,1.4120691576628702e-06,0.0009054146159904911,0.00030266134865509635
469,0.8790970487095805,5.00621977606289,5.120841305959053,3.668719376910508
471,1.5154958099671345,1.861964966335351,1.916803607960653,1.7647547947543796
472,0.5737677091848226,2.494071287534288,2.2075607769377195,1.7584665912189432
474,0.8911911480934547,4.525540767149478,4.849767018458411,3.422166311233781
475,1.5436708569441646,3.3202771146978156,4.4771475955699715,3.113698522403984
476,1.9324251710138798,4.530896761275839,6.139659872747193,4.200993935012304
477,1.856788067607832,1.9975473461517887,2.715754209201921,2.190029874320514
478,1.501529751526425,2.8181994319439263,4.24871806694093,2.8561490834704273
479,0.9190923135958413,2.723591588153277,2.45713063857678,2.033271513441966
480,0.7542448386340531,3.63534533327459,3.2687010422999925,2.552763738069545
499,1.522638464028293,3.0575505072104123,3.177216523770408,2.5858018316697042
500,1.9749301085740782,2.5871882450664208,3.762269300162054,2.774795884600851
501,0.878861200818556,2.429822526519181,3.097397517836044,2.1353604150579266
502,1.4282892226304096,3.2622128390763794,4.292313955253224,2.994272005653338
504,0.903254549911306,2.281486572464519,2.052080260946233,1.7456071277740193
505,1.4021800989572912,5.157618159268368,5.72274561687713,4.09418129170093
506,0.5268544797216065,4.489507460547831,4.3464696472966,3.120943862522013
507,2.7396144686996755,2.4258757310106938,3.7587019276449003,2.974730709118423
508,1.4380081292659437,2.1824391951693847,2.631314858038866,2.0839207274913982
509,1.245462381472355,3.7443359881517537,3.019812258944275,2.6698702095227946
510,1.8024850101831174,5.0567538000236745,6.471528931728631,4.443589247311808
511,0.6436266863989809,4.917708316712607,5.231123753845136,3.5974862523189075
512,1.5773360293927925,2.654853605808218,3.295480798703854,2.509223477968288
513,1.49538088871099,4.16682647148585,4.81535813583176,3.4925218320095333
514,0.573589915061617,1.0104092597326635,1.413671022348137,0.9992233990474725
515,1.4439315814303129,3.024842860173149,3.0766312307008934,2.5151352241014515
517,1.7611218176588994,4.596574897882794,5.431620710327016,3.9297724752895697
518,0.9040233098049141,2.0452156253392726,2.5033619004944234,1.8175336118795367
519,0.580153343989537,3.804821376362492,3.7750736988451994,2.7200161397324094
520,1.680733948617841,4.242189982939498,5.094223331228135,3.6723824209284914
521,1.6535830003995255,2.3614569893846684,2.572832289975284,2.1959574265864927
522,0.4429788080705763,3.8830694937680486,3.7768776446339714,2.7009753154908656
523,1.12225486613493,3.3950803813257493,4.131073936508043,2.882803061322908
524,1.1733020627241935,3.0263616335634027,2.875398336349052,2.3583540108788825
525,1.112517279555042,2.788904283697021,3.6198456179081178,2.507089060386727
526,1.400998511025693,2.368694102032685,2.7223249632848603,2.1640058587810795
527,0.7687051363564483,4.288479315926564,4.280422141729378,3.1125355313374636
528,1.9493395930706208,4.812143867829761,6.222077770228336,4.327853743709572
529,1.5415211201819339,1.7012773173601308,2.295956843937503,1.846251760493189
530,1.6680219612625626,2.501266852408033,3.299695744108123,2.4896615192595726
531,2.051061247266787,5.696207471409368,7.140261700733278,4.962510139803144
532,1.6109974712952635,1.7085098129108147,2.7786519459348256,2.032719743380301
533,1.8913125321556339,2.866103724035537,4.237594515014609,2.9983369237352604
534,2.5476928520608637,4.141979105169985,5.866754939450623,4.185475632227157
535,1.5651235424451997,2.3951083111872307,3.0817357618887136,2.347322538507048
536,1.3760420473645403,2.567481671544594,3.592707615161116,2.51207711135675
537,1.5412423899789078,2.1131355303786403,3.0049604287355285,2.219779449697692
538,1.3628559744730866,1.9507026720115208,2.6914049391054005,2.0016545285300027
539,2.1790751134661535,4.874107446514129,6.354327623648663,4.469170061209648
541,2.1867450146383964,2.0594653567759154,2.9059202304573555,2.3840435339572226
542,0.2689036537351296,0.39629806146432495,0.5465421283906643,0.40391461453003963
543,1.4268140983845727,3.7309632715739185,4.164469669505729,3.1074156798214063
544,0.9251004309113379,2.229009178927725,2.310922432474277,1.8216773474377799
545,1.5163989452185067,5.03532406444012,5.469854504129255,4.00719250459596
546,2311520.206096535,2256296.4687665296,3869448.624156624,2812421.7663398962
552,1.4639415308433794,2.447923838070531,3.5288749908301504,2.4802467865813536
553,7.227365803014087e-06,7.801744877431263e-06,8.32336834442717e-06,7.784159674957506e-06
554,6.597769806323774e-06,7.267742911716474e-06,7.951869240877733e-06,7.272460652972661e-06
555,2.370126099710169,4.064732053219259,5.505860688222512,3.980239613717313
556,1.2550478367087963,2.9629357098762137,3.7747348117592736,2.664239452781428
557,1.1955473420037457,2.283817392681133,3.055319364641216,2.1782280331086983
558,2.3111660414850634,3.932282980577681,5.4911393360224015,3.911529452695049
559,0.7992719863287744,2.6017678322964817,2.4021204920297334,1.93438677021833
560,1.0987452963695834,1.085208562061935,1.8070442065866046,1.3303326883393745
561,0.3111638522529071,0.6675862289841048,1.1669354284921911,0.7152285032430677
562,0.9519391030447901,2.6517371844529327,2.6247313845061138,2.0761358906679455
563,0.8079969613354177,1.3583608614308162,1.8920434176471883,1.3528004134711409
564,1.0145179136523246,1.7915302217990703,2.6950268219209486,1.8336916524574478
565,1.0027324264348816,2.706839958625318,3.1351078375174994,2.281560074192566
566,5.707985187277101,7.767151707860672,11.400619978996083,8.291918958044619
568,0.3673688299396942,2.8823546266689926,2.704226659637858,1.9846500387488482
570,1.8029516308716456,3.246684895028383,4.789028990704885,3.279555172201638
571,1.1244351730819833,2.6034874998309214,2.2689174570427673,1.9989467099852238
572,0.899792412633382,2.736000312578101,2.5123089702934807,2.0493672318349883
573,0.5227327612727576,3.4415717256405296,3.167856476094072,2.37738698766912
574,1.841443475759417,3.1512972303831783,4.428160305611763,3.140300337251453
575,1.155063357437626,3.2274968540782596,3.659792778258081,2.6807843299246557
576,0.7507897019895136,1.8467835061150417,2.4602891083659957,1.6859541054901837
577,1.031359772510476,2.620131976970908,2.8583763991860893,2.1699560495558243
578,1.3175518454803776,4.2145492969088005,5.12654736056724,3.552882834318806
580,0.9600707632003809,5.213563086041001,5.365281857512797,3.846305235584726
582,2.521173918693921,3.9584766354331036,5.812173067991312,4.097274540706112
583,1.6648212394848036,1.4623406837941313,2.1995211858921166,1.7755610363903507
584,1.9990412583779265,3.280473717585719,4.279335745474627,3.1862835738127573
585,0.8042539084497653,2.2088281009633772,1.9913675235042032,1.668149844305782
586,0.5999277946332986,2.992505288451233,2.954174212885345,2.182202431989959
587,0.006538200720537949,0.0059057592340251985,0.006857969400946083,0.00643397645183641
588,2.9846545319128905,6.6043001509614285,8.720351204780451,6.103101962551591
589,0.7032827424201269,3.6586259236423575,3.9759563651240546,2.779288343728846
590,1.7896398298632454,1.7564623452569852,2.778650144960416,2.1082507733602154
591,1.69136039405881,2.6692679406907054,3.462687038708275,2.607771791152597
592,1.0230234222403365,3.19479285815161,3.881296308228276,2.6997041962067407
593,0.18405374010171896,0.16587446078633097,0.22067245946332012,0.19020022011712334
594,1.4041294078903424,3.1970279029597304,3.8412917306219434,2.8141496804906723
595,2.716085006171354e-06,4.034953049652986e-06,5.132206777157912e-06,3.961081610994084e-06
596,4.952483721433078,5.547162847490313,7.422019046071721,5.973888538331704
597,0.5518403879516167,3.462327898082152,3.560580210368414,2.524916165467394
598,1.651741140834431,4.502086751425336,5.462924672197649,3.8722508548191388
599,0.7969346030143061,4.535856033669388,4.897171002416873,3.4099872130335225
600,0.9285898144417326,3.6783999328696657,3.3843224421390286,2.6637707298168087
625,0.4796818364789865,2.8562345012849204,2.705087795933353,2.0136680445657533
626,1.8992207581506857,2.2101741875630587,2.9752565058646536,2.361550483859466
627,0.6892456006948539,3.385588572434134,3.6683579579991914,2.581064043709393
629,3.070166435063925,4.008365829365677,6.000725521560568,4.359752595330057
630,2.968561584011145,3.674307839840716,5.4796718681112,4.040847097321021
632,1.1657308351778999,2.76761105493489,3.6346788522997864,2.522673580804192
633,0.9752903740639034,3.0283327763997994,2.847326764313532,2.283649971592412
634,1.863580542146345,3.452709761261192,4.478987972682007,3.2650927586965146
635,12.70276766298647,7.767989011384998,9.413181001358243,9.961312558576571
636,1.880692211042329,2.58938133122851,3.9705599395612383,2.8135444939440255
637,0.5312638702476882,3.893764971758203,3.4903500405020162,2.6384596275026357
638,1.2720568684351392,4.202254407556453,5.358309657124177,3.610873644371923
639,1.162303069637842,1.1121115148096097,1.8046275782062569,1.3596807208845696
640,1.2650348831428553,2.9540266079036392,3.191317048833955,2.47012617996015
641,1.282176911102372,3.2647975311423765,3.7028812688266775,2.749951903690475
642,4.331045668034679,7.440078495469068,10.674516707286005,7.481880290263251
643,1.1602350583834764,4.481604449914209,4.053883555948583,3.23190768808209
644,0.8284815233676943,4.613509565768947,4.198533639126248,3.2135082427542963
645,3.022309997914369,3.077159847687749,4.56836559531517,3.555945146972429
646,1.089918720250734,3.972657121904097,3.4600191818338173,2.840865007996216
647,1.415661915437924,2.9959916789305283,2.5705367615346537,2.3273967853010356
648,0.5432266278470503,4.033118248267116,4.331149783226411,2.9691648864468596
649,1.701627117082334,1.8203425318684738,2.723257014745567,2.081742221232125
650,1.2594807145847806,2.9652098420774298,3.3648943230988273,2.5298616265870124
651,1.4840460863986331,2.1652708958103393,3.294723969563023,2.314680317257332
652,0.0006961916183221219,0.001057697281772531,0.0013602397851612325,0.001038042895085295
653,2.040578743564571,2.0223615927589327,3.433986790647815,2.4989757089904394
654,1.3211206718758808,1.7695575591868107,2.211083500076199,1.7672539103796303
655,1.1304105531127748,3.5681225431980925,3.527317266509053,2.7419501209399733
656,1.546368018214195,5.2391729810586085,5.67642490797884,4.153988635750547
657,1.699614932491531,2.7052374392442085,3.931772587692535,2.7788749864760915
658,1.6667569489906349,1.8665659848485607,2.854099146618973,2.129140693486056
659,1.0418229026220331,4.023472585367977,3.606481264329978,2.8905922507733295
660,2.4059579999632095,2.893718420928736,3.8683403161182026,3.056005579003383
661,1.0567280334692497,1.9376626072905356,2.1272487092545758,1.7072131166714535
662,1.6581384541294295,1.6187176261243057,2.530240910761043,1.935698997004926
663,2.2133777540553683,5.016687662451111,6.279230572839924,4.503098663115467
664,1.810834009957598,3.7682170129560526,4.992176403013096,3.5237424753089157
665,0.49665362203335206,0.5619364848980557,0.863486872892995,0.6406923266081342
666,3.223774320087379,2.638121260431825,4.266311575461604,3.376069051993602
667,1.4173973402380013,2.796229940191558,3.2304726569934252,2.4813666458076615
668,1.9276375204754583,3.2321120994130426,4.206454273662581,3.1220679645170275
669,1.0725857233320322,3.8636421923051913,4.253066408524663,3.063098108053962
670,1.5902847546636848e-06,2.0921380022189324e-06,2.4168586858213683e-06,2.033093814234662e-06
671,2.3907428082918596,2.087530131975708,3.4344825849633662,2.637585175076978
672,2.7131922813931734e-05,3.33172770833789e-05,3.460166132000285e-05,3.168362040577116e-05
673,0.9404013518236211,0.9446926077281146,1.4721019927277523,1.119065317426496
674,0.8741905183555007,3.702869242766788,3.6921539152859513,2.7564045588027466
675,0.2701246310426008,0.9426755311279267,0.9209523932012974,0.7112508517906083
676,0.5617621369587392,1.133597841782729,1.5637790499303876,1.086379676223952
677,0.4422974922119334,1.388829064164001,1.6214112461242058,1.1508459341667134
678,0.6390295249185327,0.962471897313654,1.1918656253889157,0.9311223492070342
679,1.9158840841012468,3.924975079184387,5.123533508068167,3.654797557117934
681,2.8361263654315026e-05,4.2905766435943984e-05,5.482584720006946e-05,4.2030959096776156e-05
683,1.5883555036574786,2.733557165409673,5.184927816591385,3.1689468285528455
684,0.9269213236909126,2.8747816557563315,2.7452957489588568,2.1823329094687
685,1.8667673943307248,3.9456560157679945,5.272795939353939,3.695073116484219
686,0.8128191954697934,0.7953410992186782,1.2060603327944381,0.9380735424943033
687,1.3549229031193164,3.7828171948903777,4.846620355033919,3.328120151014538
688,0.8060491613266133,0.7884730957198962,1.3223617043800973,0.9722946538088689
689,0.18581345934076174,0.4471924675905045,0.8604832169833809,0.49782971463821574
695,1.8492925703161522,3.7887474574932947,4.290339614781589,3.309459880863679
696,1.4527366266104673,5.532167579296306,6.190959155719311,4.391954453875361
697,2.6560215787006625,5.7177478141834,7.703357105147845,5.359042166010636
698,1.4416163736388588,3.320407731508062,3.40878230504777,2.723602136731564
700,1.7804069908215154,2.6104230474489762,3.938068212463972,2.7762994169114883
701,2.000341127297812,2.086909321815154,2.9764089276808585,2.3545531255979415
703,0.33242509317013513,0.730588568148364,1.3125104076972047,0.7918413563385679
704,1.055656751115475,1.1807534709514393,1.8726598859809922,1.369690036015969
705,1.4092209399982998e-07,1.7102594824871728e-07,1.9571394427553112e-07,1.6922066217469278e-07
706,0.9990310355076604,1.4141250142308446,1.4769274260850378,1.296694491941181
707,1.974693363584641,4.938285880178054,6.433349898711645,4.448776380824779
708,1.7393350232560802,4.0781367160092135,4.966837378046021,3.5947697057704384
709,2.057716283498967,3.3926644729141193,3.9770621516466234,3.1424809693532367
710,0.415840056065487,0.5375004048744235,0.8082368678299012,0.5871924429232706
711,1.3312231732466866,1.7559247325308596,2.547795476753435,1.8783144608436604
712,2.0103907787352955,4.792103655350294,6.023099361294387,4.2751979317933255
713,1.2101487638932718,3.3051633889192322,3.7848153744733266,2.7667091757619438
714,0.1729247316421005,0.15553177716462607,0.20779499807009652,0.17875050229227438
715,1.0745939943329748e-05,1.265454678964135e-05,1.4155963340943494e-05,1.2518816691304866e-05
716,1.4554160928364372,2.626781167651972,3.8019099399540424,2.6280357334808175
717,1.061743481640402,1.248714602142971,1.6775732950086493,1.329343792930674
718,0.0070623361542569586,0.005753001122299158,0.006729836310436539,0.006515057862330885
719,1.6371842217660373,2.725030663053326,3.838013071776777,2.7334093188653803
726,42501.88112526574,40644.16280204954,60180.45909487718,47775.501007397484
727,6.814276331838315e-05,7.564969152154466e-05,7.38969072697414e-05,7.256312070322308e-05
728,119.3889391604793,117.62575128944559,182.32413841851513,139.77960962281335
730,1.496342020043253,3.334187874334553,3.64803137869374,2.8261870910238485
731,0.25790472884574395,0.38588614899350526,0.5676042058398316,0.40379836122636026
733,5.524143116386379e-07,6.700746551657793e-07,6.847570920825401e-07,6.357486862956524e-07
734,4.2170150400888726e-07,0.0020755830197469716,0.029045118251930173,0.010373707657727051
735,0.40938950654953654,3.535809943406253,3.343285369581944,2.4294949398459114
736,2.63750264415734,3.4484636354318803,5.3745747016582675,3.8201803270824954
737,2.127492820041769,5.063448998078329,6.177761774219857,4.456234530779985
738,1.2652999799285087,5.210315051997064,6.15976956059533,4.211794864173634
739,0.5571770535778912,0.5491272817511428,0.8921836727246951,0.6661626693512431
740,1.0838437910695684,2.444522327862582,2.900371602768195,2.1429125739001154
741,1.8731434871215806,2.8030340812918766,3.5929055270339476,2.7563610318158016
744,1.2399955971985575,2.6543971169396334,2.969801842590536,2.288064852242909
746,1.979437217561784,1.9947437651049336,2.7872433528115574,2.2538081118260913
747,0.00016834954947941033,0.00025591362369555205,0.00032826439537855307,0.00025084252285117184
749,2659.5345475113127,1998.1893864179049,50965.53863966434,18541.087524531187
750,0.35222135962964507,0.5733237722853182,0.9996151371675789,0.6417200896941807
751,1.6956740530044183,3.1607261245760196,3.5504007881786754,2.8022669885863714
752,1.681463501192205,2.785453076029801,3.899014033186153,2.78864353680272
757,1.3923467725347163,1.2934718490973642,2.1621305344316357,1.6159830520212388
758,3.727567184685079e-05,4.4103969953947626e-05,4.740816682343083e-05,4.2929269541409756e-05
759,3.2967226708254544e-05,3.4717126687200206e-05,3.2569504770661446e-05,3.3417952722038734e-05
760,174.93284520595373,241.43504063645477,455.59363226611146,290.65383936950667
761,0.9289882428346642,3.04740927885662,3.311285598909883,2.429227706867056
762,1.3216334719036886,2.9004697405221043,3.995835519012836,2.739312910479543
763,1.268115219927471,2.3331821615829105,2.2442242382357396,1.9485072065820404
764,1.1601789028393126,1.7220402499650678,1.4503469482314066,1.4441887003452623
765,5157.7777891166115,5159.636259115929,8605.577619372472,6307.663889201671
767,0.60123974322321,3.809099516428148,3.826703953618233,2.7456810710898636
768,1.680617825206269,4.0626177065661375,4.676745523591698,3.4733270184547016
769,1.3960517209498153,2.301802231795115,3.007124752437853,2.2349929017275945
770,3.4882909127051225e-06,3.883179407247637e-06,4.308595122047772e-06,3.893355147333511e-06
771,2.788927361107522e-06,3.021543134962305e-06,3.1240884586793434e-06,2.9781863182497238e-06
775,2.8822853847529406e-06,3.3493859951545075e-06,3.36386370054651e-06,3.1985116934846527e-06
777,2.9438111311062018e-06,3.216122620146352e-06,3.635481695612153e-06,3.2651384822882355e-06
778,1.3084668944334508,1.8659415963074555,2.800183297010727,1.991530595917211
780,0.10797484591388111,0.10810256175313782,0.17296018930355178,0.12967919899019023
781,4.052715487932847e-06,5.892868341184903e-06,7.385807709470075e-06,5.777130512862608e-06
782,2.356081929125232,5.88696120348035,7.508590479961013,5.250544537522198
783,1.2109959398524321,4.171444421328441,4.230178413841202,3.2042062583406916
784,35.120601023775365,35.05282895879037,57.952617319737456,42.708682434101064
786,0.511307158729619,1.061118541597592,1.8115696285424008,1.1279984429565373
787,1.7371612557271174,5.523525412865881,6.1309413588474815,4.463876009146826
789,105134.26945931518,179936.62780037968,572643.6000288372,285904.8324295107
790,2.574439480338456,4.659298979929789,7.854609664956354,5.029449375074866
791,0.9384896406139631,5.284116666603217,4.679883591639855,3.6341632996190114
792,1.2327887889594449,4.842887728519062,4.078918786408828,3.384865101295778
794,0.012201471864253794,0.019898744258372274,0.029629252885679042,0.02057648966943504
795,0.9075879985286468,6.435378772847189,6.755973577029927,4.699646782801921
796,1.208201413460685,4.757527614671869,4.03610154780872,3.333943525313758
797,1.9028150219335245,1.7048185706619026,2.9503066545122523,2.1859800823692264
798,1.9780025965741506,5.605095254471121,6.607906409442554,4.730334753495942
799,1.54379756762538,4.521505572411781,4.269581481951553,3.4449615406629044
800,1.1657486392074297,4.151805085356536,3.5642344445841325,2.9605960563826996
802,0.8914932484345331,4.788482796697105,4.458384329608992,3.3794534582468767
803,1.087687765141844,2.0661711780390726,3.2084493223151247,2.120769421832014
804,1.1540709986540099,1.6115777061250391,2.4405739100622155,1.7354075382804215
805,2.0368150790191493,1.9774059981795777,3.115435591949551,2.376552223049426
806,6.250787011799525e-05,9.469064812543287e-05,0.00012129972159336136,9.283274661226317e-05
808,1.669850897611092,3.1082579955994922,4.6592657589914905,3.1457915507340246
809,0.9563088910950155,2.976500450895897,2.349877199654446,2.0942288472151196
810,1.0918568058432334,1.208989563796456,1.8587401783603998,1.386528849333363
811,1.1904733077492025e-06,1.2833233233115434e-06,0.0004839330298686423,0.00016213560883323434
812,0.8623817505895703,3.1081495719709302,2.841157895685407,2.270563072748636
813,4.655898844740152e-06,7.0278030921330795e-06,8.968706080021699e-06,6.884136005631643e-06
815,2.8945318258727997,6.020939060873213,8.215999613827458,5.710490166857824
816,0.9490961594889453,2.694637107384022,3.4917209669280695,2.3784847446003456
817,0.6940412849351014,3.112474974146333,2.728211826867124,2.1782426953161864
819,1.206541690842413,1.4251578314937374,2.1028733624519456,1.5781909615960321
820,0.7206023873578762,4.000661810155937,4.0497749545964785,2.923679717370097
821,1.3838271195528755,3.3438699041410187,3.9207842974825846,2.8828271070588265
822,1.431736720268932,2.947167174059902,2.601572364537771,2.326825419622202
847,0.9233895353527266,3.927870832656423,3.6867349473506366,2.8459984384532624
848,1.2927345794214764,5.026429000567757,5.500514806885216,3.9398927956248166
849,0.7511480344342855,5.125217561407151,4.7851541219274685,3.553839905922968
850,1.6429435367469918,4.314017463309163,5.055702598538448,3.670887866198201
851,2.590438988066577,2.7998621571502404,3.9638522368268623,3.1180511273478935
852,1.2949697711313393,3.1321514166915834,2.878407399018501,2.435176195613808
853,1.0665353320652438,1.6832129725307448,2.0518255414743205,1.6005246153567698
854,1.0677685084223523,1.6789187074130016,2.3842555570482893,1.710314257627881
855,1.3203482331924885,1.7528211493541335,2.503927351570219,1.8590322447056138
856,0.8681506258599663,2.8670103834901624,3.1292750787964407,2.288145362715523
858,1.6797053153141668,2.7188955937451107,3.539855466060074,2.6461521250397837
860,1.8483713022896424,1.6334301928186397,2.740592364678564,2.0741312865956156
861,0.09485816697884922,0.13746768799712653,0.20072293410535727,0.14434959636044434
862,1.2478508665171142,1.86693797058541,2.8225206382658614,1.9791031584561285
863,1.8449298265351932,4.63703099975314,6.373142848513947,4.2850345582674265
864,1.8018454727074316,2.7751703303863478,3.7270044679767578,2.7680067570235125
865,1.1538628987876636,2.110773666046357,2.8893192466143867,2.0513186038161355
866,1.7364306853850762,2.975970990830434,3.9313951897803556,2.881265621998622
868,1.3179684022613953,3.834306266356562,3.4797108412804443,2.8773285032994678
869,1.051834554645275,2.370002975076416,2.3284795342435736,1.916772354655088
870,1.317318671745873,1.1782756810565143,1.5239641232549739,1.3398528253524535
871,1.6017869652633162e-06,2.2797019584830253e-06,2.809393012441637e-06,2.230293978729326e-06
872,2.430953922718955,5.552953558414622,7.30085365323086,5.094920378121479
873,3.218311064465138e-05,4.887510100928429e-05,6.268333659931875e-05,4.791384941775148e-05
875,0.050021516370528596,0.04294274470656673,0.05284927618274467,0.048604512419946656
876,2.739785141814174,6.385383334494151,8.098153457268513,5.7411073111922795
877,1.1716205725828344,3.359577996302741,2.932023259821766,2.4877406095691135
878,0.377430621224697,0.34817325956955647,0.49189522683264564,0.405833035875633
880,2.634336893433502,4.3117211966984925,5.9819195359669735,4.309325875366323
882,0.7757832843492238,1.4706537342412915,2.278527304153093,1.5083214409145362
883,0.7630484647975437,0.791553981598234,1.2116994142373307,0.9221006202110361
884,2603.3273948150795,2563.3076560584423,5841.420568189104,3669.3518730208757
885,1.8629888482619794,5.423060350024731,6.418141120018987,4.568063439435233
886,1.7300117417513836,2.351778579296029,3.1214175595938864,2.4010692935470996
887,4.292921256432448e-05,6.525269115140082e-05,8.371661352277276e-05,6.396617241283269e-05
888,1.9084452091206394,4.399439802463529,5.839065970932734,4.048983660838967
889,0.41530898357902873,0.41387362767950775,0.6434866843547871,0.4908897652044412
890,0.8561845582602512,1.108201753794941,1.6034052686932856,1.1892638602494925
891,1.5308365020224306,4.606608570090628,5.5096519527019066,3.8823656749383217
892,0.6515125164698813,3.0101325272677943,2.653241239399094,2.1049620943789233
893,1.5842095371510365,2.6725001848237206,3.0622862363373313,2.439665319437363
894,1.357622655665143,1.9134592526579055,2.7047312754441792,1.9919377279224093
895,0.8375115049675321,2.51687340631421,2.1516720511752383,1.8353523208189937
896,0.9969216550437338,2.4886518147707952,3.0184157196783583,2.1679963964976294
897,1.470505058304387,1.3912907407330921,2.2487049147015234,1.7035002379130006
898,0.4898728696213485,0.501586500319939,0.789009909565358,0.5934897598355485
899,1.9311712505244638,5.390395678255578,6.313455794209365,4.545007574329802
900,0.9289450693277848,1.453753060005401,2.020829827437679,1.4678426522569545
901,0.8646169442767857,3.7483105016245575,3.631725176991444,2.748217540964262
902,1.7556156973871342,2.9024877386379213,3.8954138180519076,2.8511724180256546
903,6.690111411006779e-06,9.459729652672506e-06,1.092396583068927e-05,9.024602298122852e-06
904,0.5937211805226457,3.4589409640811644,3.5490447345800153,2.5339022930612747
905,0.4662172043649894,3.4488264333191685,3.2513859193054913,2.388809852329883
906,0.7162772927377945,4.004860253469384,3.661080630093429,2.794072725433536
907,2.278328244711263,2.8697923763202917,4.38986891033186,3.179329843787805
908,4.311607395202976,6.908975235845433,9.866399244222722,7.028993958423709
909,1.1810468325752637,2.737189181099913,2.3425356699858315,2.0869238945536694
910,0.6296887164876672,3.980227046453745,4.404433851405894,3.0047832047824357
911,0.7327849874626946,4.399478038268013,4.022810217551638,3.051691081094115
912,1.1689832126434223,3.4684156121080454,2.6262889004675554,2.4212292417396744
913,0.7344567919839899,4.265404228456244,3.7566151657007767,2.918825395380337
914,1.2816574497809836,2.1545779919902666,2.269961443681603,1.9020656284842843
915,1.603346094395556,5.2635985172339605,5.823836505325188,4.230260372318235
916,1.8132602459608522,3.8391257789163222,5.121315495021814,3.5912338399663297
917,1.231174731297636,1.5865254235302577,2.179637565716523,1.6657792401814724
919,1.3811999909670876,2.0788054331837733,2.3045837742325936,1.921529732794485
920,1.7357318442758998,2.867641871638025,3.724012874061233,2.775795529991719
921,1.3440945797591004,1.6153194850305486,2.596976435901942,1.852130166897197
922,1.2651367497062758,2.6788005813908162,2.8967591705736657,2.280232167223586
923,0.515382462663952,4.398344369761082,4.247090102443151,3.0536056449560616
924,1.2201869017360383,2.800565770604135,3.0594193614038723,2.360057344581348
925,1.2677369162350156,2.1654318913075934,3.4158201034773477,2.2829963036733187
926,1.5553298069740422,3.188831505768904,4.1308884343050964,2.9583499156826805
927,1.3321462374461477,2.2588506641854016,2.645924363130933,2.0789737549208276
928,1.5551695994747043,1.7979446716786114,2.6458682959907383,1.9996608557146847
929,1.787625339203012,2.848673324147441,3.9208606222177123,2.852386428522722
930,1.3036144917712644,3.044198816175197,3.5889848471399546,2.6455993850288055
931,1.2622072776770843,1.6057008148362848,2.219060946160024,1.6956563462244645
945,0.96049688637771,1.4766164957493124,2.383789032732273,1.6069674716197653
947,0.6765888119713661,1.0482310591052504,1.1940919853557843,0.9729706188108004
949,1.0650713142839938,1.2618356508216384,1.794438554297488,1.3737818398010402
952,1.2494439103147592,1.3147576316089524,2.0563925372877376,1.5401980264038164
953,1.6011543573697864,2.943077063035098,4.092701359826672,2.8789775934105193
955,2.313467215399994,4.056594984526485,5.0088563866920275,3.792972862206169
956,0.3425489723652418,0.31928076665693556,0.46052901951794467,0.37411958618004065
957,3.687461927724769e-06,5.457616857640022e-06,6.905068612796988e-06,5.3500491327205925e-06
958,1.6146012917355985,3.560842046548127,4.5109877839148655,3.2288103740661973
959,1.712649364303483,3.1972324947754434,4.279825504002729,3.0632357876938854
960,1.3656648699504923,1.9072120326889241,3.041500975566115,2.1047926260685106
961,1.7370462769306303,2.258621622872867,3.34273734790735,2.4461350825702826
962,0.8810019976964993,2.7038720767170865,3.437505174518008,2.3407930829771977
963,1.4857782611794768,2.00824422125831,2.8758366161479207,2.1232863661952357
966,2.1096894852225496,3.603658073545933,5.242500358223484,3.651949305663989
967,1.7103171744258918,2.6645070667629773,3.6208977306377315,2.665240657275534
968,1.3142158641946093,2.3339547075960057,3.2551801050271494,2.301116892272588
969,1.1866342831156753,1.8224354618639045,2.4157052943991415,1.8082583464595736
971,1.7855783509334284,4.44659575708117,5.646239805821251,3.95947130461195
972,1.0851625983771118,3.745500765271398,4.555915923497637,3.1288597623820493
975,1.2802331348588972e-05,1.4413355117444022e-05,1.3741563930640637e-05,1.365241679889121e-05
976,0.6944519276299096,0.9722315597152142,2.5463069292981517,1.404330138881092
977,1.0768576193954907e-05,1.3584283069550409e-05,1.452980836686768e-05,1.2960889210124332e-05
978,0.33069464569192214,0.4629134155818826,1.2105713370562707,0.6680597994433585
979,0.8005845637415462,3.588559571079769,3.796634949935121,2.7285930282521456
980,0.832653278111618,3.4248457721818255,3.6891921146171893,2.648897054970211
981,0.8669530969795858,0.8326314741315366,1.3388688874848813,1.0128178195320012
982,2.1821006314058746e-05,0.0014690122675524915,0.022808568201551707,0.008099800491806086
983,1.2952724151349122,3.0859099293870296,3.3255461666498336,2.568909503723925
984,1.0169319752024495,2.2356446711649864,2.066998843031861,1.7731918297997655
988,2.1006920540695244,4.757630634570565,6.5975570077698515,4.485293232136647
989,1.3094067782092802,1.2373733204641773,1.9146908906379925,1.48715699643715
990,1.588702994911974,3.475739104296883,4.421774712868147,3.1620722706923345
991,1.4125521858659946,1.4001674930724737,2.3907893062645402,1.7345029950676694
992,0.9627079297834077,3.124817949421658,3.661803185946051,2.5831096883837055
994,1.352547678674243,2.5391563486552697,3.07464940114392,2.3221178094911443
995,0.6129490098095026,3.501090900140622,3.441904887546199,2.5186482658321077
996,1.7273965714754969,2.032971041094741,3.320354219345501,2.3602406106385794
997,1.944731257674808,1.9867346009744489,2.7919512514140994,2.2411390366877852
998,1.0905917912511678,2.08314703858301,3.236827744540811,2.1368555247916627
999,1.1816470767470844,1.8893415216901304,2.272217417475922,1.7810686719710456
1000,1.2177149650076213,3.3423122500505293,4.415626985681162,2.9918847335797714
1000,1.5128953166334083,3.7911481995382084,5.034707320685859,3.446250278952492
1001,1.9970513505105238,3.42928278527421,4.264970772051114,3.2304349692786154
1002,1.4610734541962735,2.47705014406296,3.4610274191642674,2.4663836724745
1003,0.7329711636364342,3.857395815054077,3.8513553668475886,2.8139074485127
1004,1.8837566187639279,2.4576755657392506,3.341931625393122,2.5611212699654335
1005,2.043144512088668,2.341938538127282,3.135325403417778,2.5068028178779094
1006,0.4720125988047679,0.4805376879990749,0.7274955238870875,0.5600152702303102
1007,1.3260570986116633,4.344019558385052,5.338246674756093,3.6694411105842697
1008,0.44509657638271527,3.200157807248395,3.1364451683087666,2.260566517313292
1009,1.2306674852058885,3.9370186034094337,4.137156909166938,3.1016143325940866
1010,0.8144245737049255,3.6678186274738045,3.342744534555429,2.6083292452447195
1011,1.472573649515923,2.1853819009732756,2.9413608232600668,2.1997721245830886
1013,0.6067072594741045,3.293766062532449,3.0031467970018078,2.3012067063361203
1014,0.9409833668608168,3.003115163849446,3.2584145301029483,2.4008376869377375
1015,1.1052347717578068,2.4658418302120713,2.796173530652204,2.1224167108740275
1016,1.5595460520558975,2.5942166546350367,3.1519698398710987,2.435244182187344
1017,1.4943119369337103,2.2557423497707525,2.936463149876253,2.2288391455269054
1018,1.2236764301732024,4.6134126075841,5.633698853296777,3.8235959636846935
1019,1.3369382209904002,2.129406306222534,2.9122549570739067,2.1261998280956136
1020,1.8957249180485398,3.2946771488764086,4.347862429571822,3.1794214988322564
1021,1.3644909748844944,3.1429838167703923,3.6516576218265477,2.719710804493811
1022,1.6961450137507803,1.5885702014985488,2.5218703208655553,1.9355285120382948
1023,0.3894094321656523,0.8060607621302072,1.3610480069522177,0.8521727337493591
1024,0.6085442079389985,1.8329113262248058,2.006525065028987,1.4826601997309303
1025,1.5499132167825882,1.7665436669457606,2.443800098091901,1.92008566060675
1044,2.065564463156364,4.065992836430077,5.046135030353332,3.725897443313258
1045,0.005002097707578636,0.0041986603234461,0.004944408760046877,0.0047150555970238706
1046,1.5894314861044583e-06,1.9476268809353115e-06,2.284190375637817e-06,1.9404162475591957e-06
1047,39.01295230444938,39.039747406517556,65.0547949480587,47.70249821967521
1048,1.977761191759815,4.511676602225217,6.15102405249431,4.213487282159781
1049,1.2501322413064477,4.865378079157817,4.0752515171513775,3.3969206125385476
1050,1.1085063234857415,5.463412382164205,4.69443112016284,3.7554499419375955
1051,1.156897590412344,5.60238231083971,4.756868972047213,3.8387162910997557
1052,2.3896995274099266,5.172767420567432,6.341888163749579,4.634785037242312
1053,1.977246173593081,4.359947681472922,5.342991845537658,3.893395233534554
1054,2.4993269427164444,4.916686075736378,5.880654303659076,4.432222440703966
1055,1.8024266888936193,4.512420027551241,5.612274414229539,3.975707043558133
1056,0.8625947842151556,4.91282246580158,5.5631724362226365,3.779529895413124
1057,1.902136704401845,4.259352533766117,5.1029057298857925,3.7547983226845845
1058,1.9796263657678186,3.83908031489866,4.688192992363133,3.5022998910098706
1059,1.0060141399068603,1.600991556134891,2.149708326724025,1.5855713409219254
1060,1.2420040938072066,4.766792190848762,6.021690467724234,4.0101622507934005
1061,1.8707465643193733,4.174266556900466,5.225491696750166,3.756834939323335
1062,2.785558309647671,5.201935205944732,7.097873069369834,5.0284555283207455
1063,2.679018856607619,5.748504457994612,7.472283342852434,5.299935552484889
1064,2.5164191016616186,3.2215469459360877,5.2994829371069505,3.679149661568219
1065,1.4726020524704142,5.176163478842066,5.216575039213966,3.9551135235088153
1066,1.3824071872505868,5.589892289432981,6.274261569310509,4.415520348664693
1067,1.8158472646370165,2.954710707663506,4.060505775256089,2.943687915852204
1068,1.7887759804271273,3.8866278651438897,5.009354837583321,3.561586227718113
1069,2.9794089408291087,6.65475845312036,7.4804085375704945,5.704858643839987
1070,1.0454667174276173,4.696471265941669,3.932416655221786,3.2247848795303575
1071,1.3768771104742854,2.712500630495095,2.159632870404897,2.083003537124759
1072,1.1951352979367145,3.0069724513738696,2.730554725109248,2.3108874914732773
1073,33302.43790234922,47646.338784004096,120064.6477875413,67004.47482463154
1074,0.6693562910584122,7.124728094309065,6.835015231494177,4.876366538953885
1075,1.558254862936254,6.0279625558699355,5.092068617857812,4.2260953455546675
1076,2.722043965778345,2.8767465007111475,4.214121680408071,3.270970715632521
1077,1.1510582326095382,7.217022490411632,7.593707566399327,5.320596096473499
1078,1.0299031121368762,7.507194573082893,6.964312576169137,5.167136753796302
1079,4.08172804673697,4.509772597216734,6.537296377139448,5.042932340364384
1080,2.9352675709773814,8.004750486897889,9.817332955240087,6.919117004371786
1081,3.393382711533569,3.5430204666688034,5.284277932319722,4.0735603701740315
1082,0.04399820628817021,0.07243812438351357,0.10128266655817486,0.07257299907661956
1083,2.1939173833244614,4.434604437055511,5.9072389599708135,4.178586926783596
1084,3.3479409305138224,5.147356292316469,7.08135079249436,5.192216005108217
1085,2.4050693857047167,4.591011697787927,6.450585585836909,4.482222223109851
1086,1.2626457030981053,3.9372410435209586,4.52350246727231,3.241129737963791
1087,1.9712914783720403,3.8034526246765994,4.683478724510582,3.486074275853074
1088,1.9259373018615733,3.169164778652724,4.779498091200317,3.2915333905715385
1089,2.8467932037972754,3.972304550877663,5.780030958355651,4.199709571010197
1090,0.8213650937937169,2.4943194088583804,2.3779806972964304,1.8978883999828426
1091,1.9229069668374035,4.0030418412044515,5.4705937591293825,3.7988475223904126
1092,1.9697106074063078,3.6456919334509723,4.592335459487037,3.402579333448106
1093,0.6774099651186453,1.1544651702740032,1.7213285794389528,1.1844012382772002
1094,2.2098607963179484,5.563767098287153,7.379799574780532,5.051142489795211
1095,1.2924224829672952,5.700590464144519,5.173713236079854,4.055575394397223
1096,1.3169958660131412e-06,1.7761685660565762e-06,2.063958290759182e-06,1.7190409076096334e-06
1097,0.5587121629370676,0.5899226763506016,0.9779956429365386,0.7088768274080692
1098,0.09683130200126303,0.09897746200212684,0.16422920077366612,0.12001265492568532
1099,0.0003200621051987002,0.003821054466874201,0.011769315109493349,0.0053034772271887505
1100,0.5703935075732043,0.5153051691067924,0.6314188407888528,0.5723725058229499
1101,3.0631774764776813,6.391792738902522,7.943751818017539,5.799574011132581
1102,1.9065555116230706,5.422598248712053,4.390459002200364,3.9065375875118296
1104,2.2137771970228526,4.3974646935184625,5.425305344736619,4.012182411759311
1105,1.9164726800318064,2.234694675342883,3.0752758500390405,2.4088144018045767
1106,1.3974501047366323,7.656997581199661,6.852491335464696,5.302313007133663
1107,1.9177707865445706,5.988518657252041,5.438022615345098,4.448104019713903
1108,215339.2089827272,206292.23148082674,318524.9072716509,246718.78257840162
1109,0.7219683758969319,1.3267659438483512,1.9943583451557645,1.3476975549670158
1110,2.726016631048904,6.736205985131233,8.927483008080062,6.1299018747534
